picture,x,z,id
1,578.7988,99.15597,0
1,555.8079,341.1539,1
1,289.7958,56.153,2
1,189.1591,334.1981,3
2,568.6297,99.68863,0
2,545.6506,341.6814,1
2,279.6218,56.6804,2
2,189.6962,344.3645,3
3,558.5417,100.5754,0
3,535.5763,342.5588,1
3,269.5264,57.55946,2
3,190.5884,354.449,3
4,548.5146,101.8134,0
4,525.5646,343.7843,1
4,259.4892,58.78764,2
4,191.8327,364.4727,3
5,538.5346,103.4039,0
5,515.6025,345.3584,1
5,249.4988,60.36727,2
5,193.4303,374.4487,3
6,528.6589,105.3349,0
6,505.7436,347.2716,1
6,239.6137,62.28739,2
6,195.3693,384.3203,3
7,518.6787,107.655,0
7,495.7769,349.5749,1
7,229.6234,64.59474,2
7,197.6985,394.2957,3
8,508.9493,110.2818,0
8,486.9848,352.4074,1
8,219.8837,67.20802,2
8,200.3354,404.0198,3
9,499.1726,113.2957,0
9,486.6548,345.3266,1
9,210.0956,70.20699,2
9,203.3606,413.7902,3
10,489.5752,116.6302,0
10,483.851,335.5376,1
10,200.4857,73.52534,2
10,206.7025,414.1136,3
11,482.6749,121.0576,0
11,480.699,325.7925,1
11,197.8271,78.93713,2
11,215.4197,410.5285,3
12,481.7869,127.3848,0
12,477.2191,316.1691,1
12,208.4836,76.01385,2
12,224.787,406.4975,3
13,488.2112,129.5717,0
13,473.3916,306.6313,1
13,218.0109,72.35236,2
13,234.038,402.1143,3
14,491.3519,139.3026,0
14,469.2444,297.2434,1
14,227.3779,68.36349,2
14,243.1089,397.411,3
15,494.7938,148.8043,0
15,464.8323,288.1028,1
15,236.4857,64.10081,2
15,251.9038,392.4471,3
16,498.544,158.1257,0
16,460.1415,279.1636,1
16,245.3831,59.55453,2
16,260.4686,387.2078,3
17,502.6844,167.4474,0
17,455.0704,270.2618,1
17,254.2458,54.63063,2
17,268.9724,381.5837,3
18,507.1359,176.5915,0
18,449.7203,261.5515,1
18,262.9017,49.42286,2
18,277.2445,375.68,3
19,511.8474,185.4619,0
19,444.1537,253.1182,1
19,271.2605,43.99301,2
19,285.2032,369.5649,3
20,516.8969,194.2158,0
20,438.27,244.8445,1
20,279.4927,38.25246,2
20,292.9902,363.1344,3
21,522.3328,202.9174,0
21,435.4735,239.2218,1
21,287.6674,35.30903,2
21,300.6602,356.3309,3
22,528.0779,211.4124,0
22,429.8611,245.7521,1
22,295.858,35.09043,2
22,308.0803,349.2565,3
23,534.0146,219.5637,0
23,423.1519,253.7064,1
23,301.7284,35.18717,2
23,315.1219,342.0484,3
24,540.2813,227.5718,0
24,416.574,261.7213,1
24,307.7275,35.1826,2
24,318.9347,334.5432,3
25,546.8316,235.3446,0
25,410.1406,269.6833,1
25,313.8761,35.26463,2
25,322.7126,326.7258,3
26,553.6536,242.8854,0
26,403.9608,277.9106,1
26,320.4238,35.2477,2
26,329.0027,318.7458,3
27,560.6735,250.1149,0
27,398.1143,286.2621,1
27,326.681,35.11312,2
27,334.9536,310.6216,3
28,567.9531,257.1079,0
28,402.3403,292.5769,1
28,334.1868,35.00642,2
28,332.5866,314.1559,3
29,575.4677,263.8361,0
29,410.8708,297.7201,1
29,341.5536,34.79979,2
29,327.217,322.6852,3
30,583.3511,270.4058,0
30,419.7946,299.6612,1
30,346.2113,41.49137,2
30,322.0729,331.5323,3
31,583.5791,270.7112,0
31,428.5124,300.1566,1
31,338.7346,34.53915,2
31,317.252,340.5544,3
32,575.3312,264.7886,0
32,436.1267,300.1177,1
32,332.4424,34.06712,2
32,312.7786,349.6953,3
33,566.8776,259.1629,0
33,444.0915,300.2434,1
33,326.6686,33.62989,2
33,308.6389,358.9755,3
34,558.2904,253.8765,0
34,453.5302,303.5938,1
34,321.052,33.31237,2
34,304.856,368.3317,3
35,549.525,248.8936,0
35,463.2396,307.1124,1
35,324.5114,36.21258,2
35,301.4064,377.8124,3
36,540.4547,244.154,0
36,473.1888,310.3116,1
36,333.0208,41.61909,2
36,298.2476,387.554,3
37,531.2987,239.7748,0
37,483.8285,312.7665,1
37,333.3943,49.24921,2
37,295.4585,397.3207,3
38,521.9275,235.694,0
38,494.0203,315.4408,1
38,329.6366,56.14647,2
38,293.0028,407.2494,3
39,512.52,231.9897,0
39,504.0528,317.544,1
39,321.8243,51.46304,2
39,290.9253,417.1507,3
40,502.8555,228.5707,0
40,514.2517,319.2813,1
40,312.1661,47.4792,2
40,289.1765,423.2683,3
41,493.1894,225.5307,0
41,524.3611,320.6406,1
41,302.4981,43.83682,2
41,280.7551,422.085,3
42,483.4333,222.8387,0
42,534.4773,321.6261,1
42,293.1965,40.27781,2
42,270.6789,421.0704,3
43,473.6773,220.5124,0
43,544.5148,322.242,1
43,283.9825,36.98161,2
43,260.6635,420.418,3
44,463.718,218.5035,0
44,554.6858,322.503,1
44,278.3056,41.58684,2
44,250.5003,420.1145,3
45,453.7486,216.8569,0
45,564.7869,322.3936,1
45,275.7367,51.57927,2
45,240.3885,420.1716,3
46,450.0962,223.6134,0
46,572.9237,321.5319,1
46,273.4813,61.5668,2
46,230.3414,420.5812,3
47,449.1999,233.6225,0
47,576.7935,317.489,1
47,274.2722,68.48875,2
47,220.322,421.3434,3
48,449.3698,232.4506,0
48,580.3284,312.763,1
48,264.459,66.93897,2
48,210.3025,422.4599,3
49,449.6761,222.354,0
49,581.6894,318.4734,1
49,254.5384,65.69819,2
49,200.2548,422.723,3
50,449.7838,221.4263,0
50,585.3732,326.6965,1
50,244.7042,64.79633,2
50,190.4221,421.9098,3
51,450.3941,231.6653,0
51,583.1316,333.0267,1
51,234.6078,64.18647,2
51,180.383,421.138,3
52,451.6602,241.2521,0
52,587.3806,334.1064,1
52,224.597,63.92413,2
52,170.5353,420.375,3
53,452.9343,251.3998,0
53,593.7632,338.7248,1
53,214.5759,63.99122,2
53,160.7782,419.6663,3
54,454.3808,261.3698,0
54,600.4712,342.954,1
54,204.6587,64.37664,2
54,151.2209,419.0211,3
55,456.175,271.2279,0
55,593.5405,339.6347,1
55,198.4617,62.35786,2
55,141.8299,418.3862,3
56,458.3234,281.0417,0
56,601.0032,339.425,1
56,199.1726,70.3752,2
56,132.5442,417.7799,3
57,460.8579,290.9149,0
57,599.1966,339.5465,1
57,199.5615,80.58565,2
57,123.2725,417.2009,3
58,463.6915,300.5208,0
58,596.9551,339.7374,1
58,200.1608,90.57467,2
58,114.2588,416.6529,3
59,461.455,305.6872,0
59,596.8051,341.3365,1
59,201.635,100.3421,2
59,105.2799,416.1712,3
60,470.0255,301.1697,0
60,598.8348,342.018,1
60,203.5974,110.2313,2
60,108.6994,415.7731,3
61,480.9926,295.4799,0
61,601.7465,346.4291,1
61,205.7628,120.2764,2
61,104.4066,407.8945,3
62,491.7331,289.3767,0
62,602.4053,344.6481,1
62,208.2061,130.1182,2
62,98.59207,399.5006,3
63,502.1215,282.9616,0
63,602.9054,346.3415,1
63,211.0198,139.632,2
63,92.57178,391.4285,3
64,512.2424,276.1902,0
64,602.9044,344.8134,1
64,214.2168,148.96,2
64,86.31926,383.6213,3
65,522.3105,268.9159,0
65,602.8361,350.7282,1
65,217.8704,158.3049,2
65,79.43179,382.5173,3
66,532.1102,261.289,0
66,604.5193,356.4713,1
66,221.9066,167.4653,2
66,72.54026,382.7569,3
67,541.6228,253.3466,0
67,603.8846,367.3571,1
67,226.3229,176.4552,2
67,65.28407,382.9565,3
68,550.8677,245.3417,0
68,607.2948,361.7716,1
68,232.8917,179.647,2
68,57.75764,383.1447,3
69,556.9323,252.452,0
69,601.5202,361.4712,1
69,242.3046,173.1914,2
69,50.16632,383.233,3
70,563.0573,259.4676,0
70,591.0257,361.6679,1
70,251.6127,166.5584,2
70,42.42528,383.3332,3
71,569.3243,266.4995,0
71,580.4907,362.3046,1
71,260.8922,159.7419,2
71,34.2791,383.3337,3
72,575.6523,273.4383,0
72,570.5458,362.7808,1
72,270.0669,152.7263,2
72,32.65414,382.9279,3
73,582.0859,280.3121,0
73,560.8286,363.4407,1
73,279.1484,145.5178,2
73,37.74212,383.1639,3
74,588.613,287.0917,0
74,551.1231,364.5653,1
74,288.1062,138.1287,2
74,43.0266,383.0516,3
75,595.1946,293.7196,0
75,541.5145,366.1363,1
75,296.8774,130.5945,2
75,47.88415,382.8872,3
76,601.8654,300.2235,0
76,530.9907,368.5422,1
76,305.4719,122.9306,2
76,52.51087,382.6955,3
77,608.7336,306.687,0
77,520.2597,371.3646,1
77,314.0347,114.9657,2
77,56.72563,382.4521,3
78,615.6843,312.99,0
78,509.7563,374.3173,1
78,316.7749,106.5363,2
78,48.8845,382.3374,3
79,622.6992,319.106,0
79,499.5364,377.4088,1
79,310.0537,97.55225,2
79,39.50695,382.0241,3
80,629.9127,325.1412,0
80,489.3424,380.7351,1
80,303.2725,88.44039,2
80,29.91215,381.6143,3
81,624.256,327.8058,0
81,476.7438,382.0596,1
81,296.5681,79.43407,2
81,27.46489,380.9871,3
82,615.5231,332.2238,0
82,463.854,381.9742,1
82,301.214,84.17741,2
82,36.26357,383.3958,3
83,606.5273,336.7404,0
83,451.3427,381.8433,1
83,307.4453,90.80473,2
83,46.37383,385.6649,3
84,597.5892,341.0348,0
84,438.9887,381.2014,1
84,313.5792,97.24302,2
84,56.54571,387.5172,3
85,588.6262,345.3456,0
85,426.6504,380.126,1
85,318.4311,102.1001,2
85,66.54446,389.0395,3
86,579.503,349.6321,0
86,414.1628,378.5926,1
86,311.4443,93.09129,2
86,75.13546,390.2184,3
87,570.373,353.871,0
87,404.926,380.3438,1
87,304.4072,84.16406,2
87,85.0246,391.0381,3
88,561.2874,358.0327,0
88,403.9037,391.2067,1
88,297.2234,81.10606,2
88,95.12178,391.4892,3
89,552.2438,362.2564,0
89,403.0422,402.0627,1
89,290.1853,86.7814,2
89,105.2283,391.5822,3
90,543.0494,366.4527,0
90,402.3174,413.0728,1
90,283.6224,92.6198,2
90,115.4487,391.3144,3
91,534.0341,370.7206,0
91,401.7864,423.9521,1
91,277.8367,99.11553,2
91,125.5491,390.6895,3
92,525.1062,374.9664,0
92,401.936,418.974,1
92,272.9733,106.2742,2
92,135.5459,389.7185,3
93,516.2002,379.1804,0
93,402.1747,408.7943,1
93,269.0371,113.7813,2
93,145.4817,388.3994,3
94,518.032,383.1457,0
94,402.252,398.4655,1
94,266.0008,121.7797,2
94,155.5225,386.7056,3
95,523.4739,386.7978,0
95,402.1798,388.2017,1
95,263.9034,129.889,2
95,165.4401,384.6676,3
96,529.0092,390.3912,0
96,401.9374,377.9187,1
96,262.7255,138.1435,2
96,175.3112,382.2726,3
97,534.6181,393.9131,0
97,411.1839,378.4775,1
97,262.4563,146.4018,2
97,185.0319,379.546,3
98,540.3033,397.3027,0
98,420.3918,379.1658,1
98,263.0501,154.6191,2
98,194.6929,376.4648,3
99,546.0163,400.559,0
99,429.4847,379.8333,1
99,264.464,162.6242,2
99,204.1142,373.0907,3
100,551.9203,403.7459,0
100,438.7344,380.4985,1
100,266.707,170.5837,2
100,213.5753,369.3216,3
101,557.8935,406.7776,0
101,447.9414,381.1313,1
101,269.7076,178.265,2
101,222.8607,365.235,3
102,563.9574,409.6933,0
102,457.0955,381.6908,1
102,273.4127,185.6328,2
102,231.9372,360.8526,3
103,570.1638,412.4536,0
103,466.3188,382.2028,1
103,277.8304,192.7144,2
103,240.936,356.1073,3
104,561.8779,404.9626,0
104,475.4677,382.6153,1
104,282.8509,199.3863,2
104,249.6892,351.089,3
105,551.284,396.2825,0
105,484.6732,382.9519,1
105,288.5048,205.6845,2
105,258.3324,345.7185,3
106,552.3466,394.9502,0
106,487.5017,389.6172,1
106,294.6044,211.4506,2
106,266.6382,340.1432,3
107,560.5991,396.9681,0
107,496.3315,388.7613,1
107,301.321,216.8544,2
107,274.8897,334.171,3
108,569.2205,397.9747,0
108,505.1538,387.1913,1
108,308.4796,221.7492,2
108,282.8994,327.9301,3
109,578.0672,398.0118,0
109,513.7015,384.8747,1
109,316.0062,226.1306,2
109,290.6245,321.4589,3
110,587.1783,396.9974,0
110,522.0626,381.8353,1
110,324.0015,230.0018,2
110,298.2143,314.6299,3
111,596.2249,395.0913,0
111,529.9884,378.1609,1
111,332.2018,233.3236,2
111,305.4303,307.6604,3
112,605.2753,392.2626,0
112,537.586,373.8553,1
112,339.4799,232.6344,2
112,312.4122,300.4272,3
113,612.0884,391.5485,0
113,544.8223,368.9538,1
113,343.4962,221.9401,2
113,319.1527,292.9359,3
114,610.7518,399.1304,0
114,551.6527,363.5057,1
114,343.4013,219.1251,2
114,325.6465,285.1873,3
115,608.921,406.8083,0
115,558.0449,357.5498,1
115,337.9475,226.5,2
115,331.8467,277.2333,3
116,606.7275,414.4552,0
116,563.9301,351.1864,1
116,333.195,219.2566,2
116,339.6337,280.8949,3
117,598.3316,417.0865,0
117,569.4518,344.2634,1
117,328.3658,209.2779,2
117,348.1113,286.5942,3
118,584.8403,415.039,0
118,574.4501,336.9658,1
118,323.562,199.2978,2
118,356.7853,291.9875,3
119,571.6809,412.8253,0
119,578.8621,329.4597,1
119,318.7276,189.7176,2
119,365.4601,296.9654,3
120,558.4128,410.3842,0
120,582.8212,321.5552,1
120,313.7375,180.1983,2
120,374.3983,301.6873,3
121,545.2023,407.7479,0
121,586.235,313.4265,1
121,308.7293,170.8302,2
121,383.4484,303.976,3
122,531.6841,404.8365,0
122,589.1586,304.9243,1
122,303.643,161.3223,2
122,392.8184,304.537,3
123,518.2924,401.8311,0
123,591.5416,296.2481,1
123,298.4548,152.0866,2
123,402.277,305.1537,3
124,504.8656,398.7014,0
124,593.399,287.3584,1
124,293.1539,142.9922,2
124,411.8859,305.8212,3
125,491.4583,395.4762,0
125,594.7122,278.3398,1
125,287.7894,134.0741,2
125,421.5984,306.5128,3
126,478.1024,392.1786,0
126,595.4833,269.2562,1
126,282.3926,125.3509,2
126,431.3888,307.2407,3
127,465.5327,389.7556,0
127,600.9763,266.6225,1
127,276.842,116.9112,2
127,441.2755,309.3544,3
128,463.1681,397.9774,0
128,610.9245,269.4417,1
128,271.2816,108.5649,2
128,451.2496,311.3969,3
129,461.7598,406.2647,0
129,620.9326,271.9699,1
129,265.6141,100.4132,2
129,461.325,313.0881,3
130,461.2739,414.489,0
130,630.9256,274.2003,1
130,259.9048,92.48331,2
130,471.4248,314.4174,3
131,437.1601,401.7605,0
131,640.9722,276.1661,1
131,254.157,84.6667,2
131,481.616,315.3901,3
132,406.8949,391.0539,0
132,650.9821,277.7549,1
132,248.2291,77.28104,2
132,491.8026,315.8708,3
133,381.2344,385.3338,0
133,661.3448,279.1213,1
133,242.1092,69.76312,2
133,502.372,316.1183,3
134,355.732,391.1154,0
134,671.3813,280.1523,1
134,236.1529,62.66192,2
134,512.6344,315.9868,3
135,330.3686,394.5579,0
135,681.2805,280.8105,1
135,230.1014,56.02354,2
135,522.7718,315.4963,3
136,307.8824,398.4714,0
136,691.0906,281.2039,1
136,224.1282,49.55128,2
136,532.84,314.6517,3
137,293.5484,409.4829,0
137,700.982,281.262,1
137,219.7391,45.29415,2
137,543.0054,313.4332,3
138,281.0433,422.9925,0
138,710.6401,281.0078,1
138,222.5449,34.33004,2
138,552.944,311.8827,3
139,281.0803,418.0079,0
139,720.4644,280.4589,1
139,222.9589,25.20389,2
139,563.0665,309.9338,3
140,285.1643,404.5851,0
140,730.0732,279.5924,1
140,213.9512,24.09105,2
140,572.9759,307.6548,3
141,273.2178,401.817,0
141,739.5955,278.4157,1
141,204.8753,23.75229,2
141,582.8035,305.0265,3
142,261.5191,400.3773,0
142,748.9204,276.9274,1
142,200.5544,22.73045,2
142,592.4324,302.0816,3
143,249.7998,399.1779,0
143,758.2873,275.1139,1
143,210.9087,24.64717,2
143,602.1112,298.7448,3
144,238.2665,398.2757,0
144,767.5433,272.9822,1
144,221.2382,26.11447,2
144,611.6785,295.0562,3
145,227.0314,397.5808,0
145,776.5601,270.5948,1
145,231.3944,27.16223,2
145,621.0026,291.0758,3
146,215.9455,397.209,0
146,767.3259,260.3765,1
146,241.5571,27.76696,2
146,630.2565,286.7306,3
147,205.1679,397.0281,0
147,752.9315,248.0257,1
147,251.518,27.97706,2
147,639.2526,282.1104,3
148,194.5684,397.1533,0
148,738.737,235.5061,1
148,248.0268,26.468,2
148,648.1439,277.1373,3
149,184.3194,397.6144,0
149,724.9763,223.023,1
149,252.5882,33.26201,2
149,656.8002,271.8859,3
150,174.1215,398.127,0
150,710.9493,210.2474,1
150,258.651,42.5337,2
150,665.3562,266.2686,3
151,164.242,399.0165,0
151,697.2832,197.4635,1
151,256.9377,58.51685,2
151,673.717,260.3426,3
152,154.6901,400.0594,0
152,681.8624,197.7773,1
152,255.0285,75.27642,2
152,665.6346,266.5141,3
153,145.377,401.369,0
153,668.2703,196.239,1
153,242.4302,88.32991,2
153,657.7375,273.0028,3
154,136.4771,402.9287,0
154,654.9315,186.8407,1
154,230.2761,101.8195,2
154,650.1591,279.695,3
155,127.6668,404.5256,0
155,639.9248,180.1813,1
155,218.249,116.3416,2
155,642.7234,286.7448,3
156,119.3927,406.394,0
156,638.2695,185.863,1
156,206.9335,130.9668,2
156,635.6931,293.9002,3
157,111.2452,408.4993,0
157,645.6456,192.8929,1
157,195.8054,146.4374,2
157,628.7741,301.4582,3
158,103.4371,410.729,0
158,656.5233,193.7063,1
158,185.1764,162.3722,2
158,622.1436,309.2438,3
159,96.0957,413.0568,0
159,665.9208,193.13,1
159,175.2283,178.4268,2
159,615.9295,317.0834,3
160,85.63791,407.9214,0
160,675.8376,191.4508,1
160,179.1458,170.8992,2
160,609.8065,325.3959,3
161,73.10249,397.5989,0
161,685.4869,189.3305,1
161,182.3061,162.1989,2
161,604.1406,333.6898,3
162,60.4668,387.6082,0
162,695.0808,186.7472,1
162,184.6621,153.0571,2
162,598.7795,342.1627,3
163,51.31789,385.4759,0
163,704.7121,183.6604,1
163,186.2021,143.4412,2
163,593.6655,350.9082,3
164,48.25907,395.7132,0
164,714.2539,180.1517,1
164,181.3278,137.1942,2
164,588.874,359.8137,3
165,45.37305,406.2047,0
165,723.8535,176.0898,1
165,170.0366,135.0041,2
165,584.3215,369.0438,3
166,42.78374,416.5722,0
166,733.1871,171.6888,1
166,164.3669,142.6306,2
166,580.1703,378.2783,3
167,43.87454,405.8344,0
167,742.3795,166.8298,1
167,160.0186,152.8666,2
167,576.3466,387.6554,3
168,43.47213,392.6,0
168,751.4679,161.5344,1
168,155.583,163.1292,2
168,572.8382,397.2119,3
169,42.38773,379.2441,0
169,760.45,155.7986,1
169,151.0763,173.4431,2
169,569.6511,406.9563,3
170,39.94011,385.3371,0
170,764.4248,150.8953,1
170,147.6728,178.9351,2
170,566.8372,415.1127,3
171,36.91509,395.6437,0
171,763.1312,166.5524,1
171,149.4115,167.4472,2
171,568.6625,406.229,3
172,33.55222,405.9144,0
172,762.1559,184.6773,1
172,150.6101,155.8444,2
172,570.772,396.3143,3
173,29.78366,416.0931,0
173,760.369,203.1336,1
173,151.2217,144.1436,2
173,572.5251,386.3855,3
174,25.57703,411.0999,0
174,757.9753,221.9025,1
174,151.2999,132.1857,2
174,573.9453,376.2281,3
175,26.09343,400.5787,0
175,755.0236,240.4183,1
175,157.2607,128.7221,2
175,574.9852,366.2071,3
176,26.05509,389.8319,0
176,751.3483,259.4961,1
176,166.9005,129.5564,2
176,575.6797,355.9898,3
177,25.49211,379.1985,0
177,747.3079,278.1523,1
177,168.5525,137.7675,2
177,576.0081,345.8577,3
178,32.95649,378.3868,0
178,742.705,296.972,1
178,167.8446,148.366,2
178,575.9772,335.7216,3
179,41.95831,379.3124,0
179,737.6642,315.738,1
179,167.3438,158.9393,2
179,575.5899,325.6216,3
180,50.99938,380.181,0
180,732.3164,334.3117,1
180,167.068,169.5209,2
180,574.8442,315.5236,3
181,60.0275,381.0342,0
181,726.5174,353.0132,1
181,167.0031,180.1147,2
181,573.7428,305.4489,3
182,69.04407,381.7993,0
182,720.4958,371.4576,1
182,172.5466,183.979,2
182,572.2687,295.4513,3
183,77.95257,382.5236,0
183,714.1174,389.9283,1
183,182.5785,183.0331,2
183,570.4828,285.5919,3
184,87.04375,383.146,0
184,707.4496,408.5209,1
184,192.7167,181.8803,2
184,568.3069,275.618,3
185,95.99428,383.652,0
185,701.3595,418.161,1
185,202.788,180.2164,2
185,565.8185,266.0844,3
186,95.4268,377.1575,0
186,695.0175,409.3646,1
186,212.4425,178.8472,2
186,562.385,256.9447,3
187,96.54426,387.1649,0
187,689.6514,408.1867,1
187,208.1165,180.7657,2
187,559.2307,247.4297,3
188,98.26467,397.3304,0
188,697.1495,422.2988,1
188,209.5829,180.3974,2
188,555.6738,237.8506,3
189,100.3955,407.407,0
189,705.4136,419.0008,1
189,209.7257,180.4617,2
189,551.7871,228.4243,3
190,102.4186,414.4225,0
190,715.9321,411.6476,1
190,219.3666,177.1931,2
190,547.5532,219.1445,3
191,99.96709,403.2115,0
191,726.1774,408.4195,1
191,228.7556,173.5932,2
191,542.894,210.184,3
192,106.9936,398.7389,0
192,729.0299,411.7808,1
192,238.1144,169.6231,2
192,538.0172,201.2065,3
193,116.5902,395.4909,0
193,733.3387,412.4181,1
193,247.2466,165.3671,2
193,532.8679,192.4797,3
194,125.9941,391.9413,0
194,730.315,406.2195,1
194,256.147,160.8367,2
194,527.4554,184.0064,3
195,135.3607,388.0289,0
195,726.9984,410.8325,1
195,264.9694,155.9605,2
195,521.6919,175.6464,3
196,132.6112,379.4367,0
196,723.9338,408.7898,1
196,273.5714,150.8107,2
196,515.6622,167.5315,3
197,128.0553,370.4558,0
197,721.1729,399.106,1
197,281.9471,145.4054,2
197,509.3828,159.6723,3
198,127.9804,370.1033,0
198,727.0108,398.6962,1
198,290.2339,139.6479,2
198,502.7426,151.94,3
199,133.2688,378.8839,0
199,737.9786,403.6794,1
199,298.3665,133.5761,2
199,495.7837,144.3974,3
200,138.786,387.3528,0
200,748.79,408.5613,1
200,306.1754,127.3277,2
200,488.6614,137.2089,3
201,48.35038,37.75913,0
201,56.28783,376.7694,1
201,774.2176,55.33369,2
201,735.7516,401.6447,3
202,40.85903,24.70309,0
202,62.94566,374.5573,1
202,777.8796,69.04443,2
202,715.769,403.7481,3
203,29.87673,30.37711,0
203,49.78862,383.4217,1
203,778.8912,79.10117,2
203,695.8456,407.2855,3
204,31.87529,50.11008,0
204,66.88602,380.169,1
204,776.1354,74.31725,2
204,693.2344,419.8622,3
205,35.19047,70.0078,0
205,61.99347,385.2866,1
205,774.2352,54.22675,2
205,705.9223,414.6686,3
206,39.8839,89.60413,0
206,71.3338,403.0658,1
206,771.0532,34.34142,2
206,724.5789,407.0623,3
207,45.9021,108.7037,0
207,82.49522,415.4444,1
207,775.3737,31.72237,2
207,742.5459,398.2196,3
208,53.28203,127.432,0
208,96.26102,414.4109,1
208,752.5999,37.99421,2
208,759.951,388.0825,3
209,61.99749,145.67,0
209,109.5898,414.1358,1
209,729.0864,45.12436,2
209,772.7253,376.6873,3
210,71.98949,163.2728,0
210,123.3126,412.8816,1
210,706.1704,53.77449,2
210,772.7977,364.0767,3
211,83.08714,179.9655,0
211,142.371,414.7292,1
211,684.1569,63.76512,2
211,773.018,350.6608,3
212,95.3828,195.9115,0
212,162.6934,417.3374,1
212,662.9354,75.14407,2
212,773.456,335.9047,3
213,108.7036,210.8865,0
213,141.8957,415.5985,1
213,642.7067,87.72962,2
213,774.0507,320.5229,3
214,122.4261,211.5328,0
214,121.4653,415.4859,1
214,623.387,101.5301,2
214,774.8179,304.0403,3
215,134.7217,196.0742,0
215,102.1861,415.0773,1
215,605.2615,116.3405,2
215,775.7117,287.0051,3
216,145.8227,179.5264,0
216,85.182,412.0517,1
216,588.1455,132.2533,2
216,776.7874,269.1524,3
217,155.5636,162.1535,0
217,67.55015,408.6778,1
217,572.32,149.0287,2
217,778.0128,250.7355,3
218,163.972,143.8942,0
218,49.82227,404.5136,1
218,557.6039,166.7428,2
218,779.3794,231.6964,3
219,175.8907,138.0206,0
219,32.16385,399.8677,1
219,544.3473,185.0681,2
219,780.8973,212.3046,3
220,196.4203,150.5961,0
220,24.28515,407.2366,1
220,532.4081,204.0403,2
220,782.5332,192.4965,3
221,217.2981,160.8333,0
221,24.32603,413.8692,1
221,521.9072,223.399,2
221,784.2949,172.5897,3
222,238.4486,168.8174,0
222,50.47647,406.6477,1
222,512.8069,243.2325,2
222,785.4836,152.45,3
223,259.6043,174.5959,0
223,75.69666,395.282,1
223,505.1472,263.421,2
223,785.3332,149.3802,3
224,280.4066,178.2726,0
224,95.22098,382.4485,1
224,498.9612,283.7257,2
224,766.2881,151.4646,3
225,300.574,179.9246,0
225,87.00732,396.4973,1
225,494.2836,303.9572,2
225,746.4681,154.5074,3
226,320.1917,179.7487,0
226,81.8597,413.9376,1
226,491.0164,324.2648,2
226,726.8006,158.9581,3
227,338.8872,177.7977,0
227,98.07547,416.9324,1
227,489.2265,344.326,2
227,707.5906,164.7494,3
228,356.598,174.3449,0
228,82.60493,402.6331,1
228,488.797,364.0949,2
228,688.8807,171.8497,3
229,373.9574,169.0653,0
229,63.94695,387.3783,1
229,489.8808,384.3858,2
229,669.9032,180.6292,3
230,381.1165,185.6706,0
230,55.78415,378.0021,1
230,492.312,403.3839,2
230,664.0135,183.6233,3
231,555.3127,130.7528,0
231,242.2467,310.3134,1
231,285.6868,63.24723,2
231,756.6863,263.2473,3
232,553.2065,110.8135,0
232,262.1858,308.2072,1
232,287.7939,83.1865,2
232,758.7919,283.1869,3
233,549.7153,91.09958,0
233,281.8992,304.718,1
233,291.2847,102.9,2
233,762.2816,302.9016,3
234,544.813,71.52914,0
234,301.4694,299.8178,1
234,296.1868,122.4703,2
234,767.1829,322.4727,3
235,538.5867,52.46265,0
235,320.5359,293.5934,1
235,302.4137,141.5367,2
235,773.4214,341.5357,3
236,531.0253,33.84007,0
236,339.1585,286.0324,1
236,309.9763,160.1585,2
236,773.5861,360.087,3
237,534.8197,43.17419,0
237,357.1473,277.2152,1
237,318.7948,178.1469,2
237,773.2012,377.2803,3
238,544.8602,60.48386,0
238,374.4566,267.174,1
238,328.8365,195.4557,2
238,772.9072,393.3959,3
239,556.0941,77.06396,0
239,386.9982,260.0345,1
239,340.0712,212.035,2
239,772.8362,409.9764,3
240,568.5736,92.95503,0
240,389.8667,260.8511,1
240,351.6155,227.0221,2
240,773.3273,414.2695,3
241,582.0156,107.7969,0
241,403.31,275.6914,1
241,341.0669,214.6577,2
241,759.3657,413.7661,3
242,596.4971,121.6947,0
242,417.7925,289.5888,1
242,326.5847,200.761,2
242,744.8704,400.5373,3
243,612.0224,134.6272,0
243,433.3186,301.1058,1
243,311.0587,187.8299,2
243,729.3434,387.6072,3
244,628.3823,146.4069,0
244,418.5861,289.9487,1
244,294.6992,176.0511,2
244,712.9938,375.8126,3
245,645.4919,156.9855,0
245,401.4761,279.372,1
245,277.5895,165.4732,2
245,695.8837,365.2368,3
246,663.2631,166.3183,0
246,383.7045,270.0409,1
246,259.8181,156.1413,2
246,688.6696,356.0255,3
247,681.6961,174.4052,0
247,365.2709,261.9559,1
247,241.3848,148.0542,2
247,706.2973,363.1598,3
248,700.6898,181.1897,0
248,346.2767,255.1743,1
248,222.3917,141.2692,2
248,725.2776,369.9796,3
249,720.0969,186.6172,0
249,326.8691,249.7499,1
249,202.9853,135.8407,2
249,744.7042,375.4076,3
250,739.9001,190.6777,0
250,307.0651,245.6932,1
250,183.1809,131.8001,2
250,764.5071,379.4693,3
251,759.4586,193.3082,0
251,287.2025,243.06,1
251,163.3192,130.4843,2
251,784.6183,382.1059,3
252,779.4703,194.5506,0
252,267.1902,241.8209,1
252,143.3106,129.2501,2
252,786.6034,383.3459,3
253,786.0481,194.2639,0
253,259.3878,241.8511,1
253,123.2312,129.4237,2
253,785.788,402.2937,3
254,766.9628,195.5217,0
254,278.5911,240.3781,1
254,103.1722,130.9957,2
254,780.2409,417.9409,3
255,746.9755,198.4991,0
255,298.5757,237.3826,1
255,83.18739,133.9866,2
255,760.2629,416.8547,3
256,727.2589,202.8906,0
256,318.2917,232.9877,1
256,63.47077,138.3767,2
256,743.3956,412.1025,3
257,708.0676,208.6041,0
257,337.4819,227.2699,1
257,44.27972,144.0889,2
257,737.679,392.9127,3
258,689.2438,215.6768,0
258,355.3043,222.3501,1
258,30.0924,151.2014,2
258,730.594,374.0653,3
259,684.9515,221.7416,0
259,363.4001,240.8638,1
259,38.26706,168.7912,2
259,722.2142,355.7817,3
260,701.7917,212.5314,0
260,373.1006,258.6124,1
260,47.96507,186.54,2
260,712.5136,338.0338,3
261,718.6499,201.7184,0
261,383.9165,275.4689,1
261,58.77808,203.3976,2
261,701.6985,321.1778,3
262,734.8136,189.6722,0
262,395.9649,291.6304,1
262,70.82399,219.5605,2
262,689.6498,305.0176,3
263,750.0147,176.582,0
263,409.0338,299.8703,1
263,83.90967,234.7646,2
263,676.5608,289.8181,3
264,764.3365,162.3689,0
264,423.1442,299.4962,1
264,98.11269,249.0956,2
264,662.3629,275.4994,3
265,772.8239,158.0882,0
265,438.2862,299.2715,1
265,113.2966,262.3973,2
265,647.1711,268.1671,3
266,772.7825,170.2745,0
266,454.5531,299.6222,1
266,129.3711,274.5905,2
266,631.1211,267.4847,3
267,772.9165,181.2007,0
267,471.3541,310.5952,1
267,146.1702,285.5652,2
267,614.3436,266.6338,3
268,763.5817,198.4903,0
268,489.1006,320.4409,1
268,163.8814,295.4322,2
268,596.6293,265.6033,3
269,755.0944,216.6106,0
269,507.2223,328.9254,1
269,182.0016,303.9199,2
269,578.468,258.3851,3
270,747.8964,235.2666,0
270,525.8796,336.1201,1
270,200.6575,311.1185,2
270,559.8089,251.1962,3
271,742.015,254.3888,0
271,545.0027,341.9981,1
271,219.7791,317.0009,2
271,540.6841,245.3255,3
272,737.4775,273.9016,0
272,564.5167,346.5327,1
272,239.2918,321.5406,2
272,521.1689,240.7992,3
273,734.2979,293.8157,0
273,584.4312,349.709,1
273,259.2056,324.7227,2
273,501.2534,237.632,3
274,732.5239,313.9755,0
274,604.5915,351.4797,1
274,279.3649,326.4999,2
274,481.0922,235.871,3
275,732.1703,333.9915,0
275,616.7639,351.8394,1
275,299.3781,326.8561,2
275,461.0792,235.5341,3
276,733.2242,354.0246,0
276,604.3572,350.9367,1
276,319.4127,325.8116,2
276,450.0132,226.6476,3
277,735.504,372.7642,0
277,584.4664,353.3873,1
277,322.0663,310.1481,2
277,447.6019,206.7534,3
278,739.4115,392.7668,0
278,564.5247,357.2855,1
278,318.1797,290.205,2
278,443.6902,186.8146,3
279,744.6682,412.2845,0
279,545.0106,362.5566,1
279,312.9206,270.6885,2
279,438.4044,167.3051,3
280,743.7661,409.5765,0
280,525.9335,369.1837,1
280,306.3056,251.6074,2
280,431.7606,148.2342,3
281,461.6465,163.7341,0
281,148.5799,343.2949,1
281,310.6543,76.51905,2
281,750.0197,349.9029,3
282,381.5411,170.6635,0
282,95.37421,420.9942,1
282,354.7398,37.77187,2
282,710.4031,396.4746,3
283,284.381,188.9059,0
283,34.45723,386.3634,1
283,420.8613,44.09983,2
283,692.1591,299.315,3
284,333.0845,158.4118,0
284,73.42938,413.4894,1
284,418.7677,28.62279,2
284,696.8769,217.8622,3
285,362.9999,205.5804,0
285,172.6379,407.9518,1
285,447.5827,59.92093,2
285,724.1763,154.1831,3
286,438.1703,154.3524,0
286,246.3476,342.8373,1
286,466.6245,68.48086,2
286,772.0803,223.8279,3
287,535.0862,168.7878,0
287,261.6393,248.9768,1
287,379.3924,58.89303,2
287,757.6456,320.7443,3
288,619.0309,117.0369,0
288,313.3921,332.9202,1
288,389.9084,39.26736,2
288,740.9823,401.9369,3
289,649.6311,23.71374,0
289,305.2456,419.5643,1
289,444.02,70.01426,2
289,693.3022,362.4216,3
290,597.8917,37.73946,0
290,395.5255,397.2884,1
290,501.3947,39.62703,2
290,656.2555,271.0303,3
291,679.4509,68.90168,0
291,399.1809,379.0622,1
291,574.2982,73.63947,2
291,737.5806,309.4748,3
292,775.3518,47.00185,0
292,303.2785,401.1165,1
292,670.2003,51.74185,2
292,743.7387,336.8224,3
293,761.9904,71.94373,0
293,219.9647,372.4993,1
293,671.2095,61.7902,2
293,691.1426,415.8018,3
294,704.7565,66.27258,0
294,121.9978,378.1538,1
294,676.8723,159.7539,2
294,773.233,412.562,3
295,652.571,79.08823,0
295,40.79869,393.6853,1
295,744.2089,231.0653,2
295,709.1133,344.5968,3
296,641.6506,178.0891,0
296,81.62476,420.1184,1
296,779.9905,185.4525,2
296,759.3094,335.8053,3
297,711.7347,149.4598,0
297,163.0041,364.8807,1
297,756.6847,184.1739,2
297,729.3317,268.3618,3
298,630.7698,129.6782,0
298,189.5812,270.0766,1
298,732.7706,143.6813,2
298,680.2472,294.7903,3
299,541.4581,170.3646,0
299,106.6841,305.3741,1
299,648.117,178.5022,2
299,720.9418,384.0982,3
300,499.1997,260.1809,0
300,44.12761,268.3599,1
300,686.0895,88.66022,2
300,720.9674,402.894,3
301,64.09389,226.9425,0
301,308.3685,277.9091,1
301,609.3239,43.37914,2
301,744.0873,168.7897,3
302,149.8086,275.6598,0
302,357.0563,192.1597,1
302,560.6298,129.1258,2
302,666.4698,138.808,3
303,246.9684,257.208,0
303,383.8635,153.6406,1
303,526.8017,204.5663,2
303,569.3086,157.2522,3
304,257.3143,198.3024,0
304,356.3366,161.4845,1
304,464.8822,281.2113,2
304,507.3911,233.8979,3
305,199.295,180.7585,0
305,291.4444,146.9984,1
305,516.6154,301.0237,2
305,491.1923,213.4718,3
306,168.7049,176.2645,0
306,277.7183,92.24379,1
306,550.394,293.2424,2
306,430.4571,161.2445,3
307,236.3337,129.4736,0
307,327.6512,32.13842,1
307,537.0821,391.4453,2
307,498.4203,185.3961,3
308,316.0954,85.53318,0
308,324.9555,37.88605,1
308,497.5364,353.2209,2
308,581.8353,131.6116,3
309,287.3542,107.0192,0
309,254.0173,41.83696,1
309,508.9567,266.9175,2
309,610.6119,37.65274,3
310,330.0434,225.3906,0
310,232.6921,114.8096,1
310,469.8112,176.2938,2
310,646.7581,101.133,3
311,324.928,242.9689,0
311,321.0875,158.572,1
311,467.6402,159.6136,2
311,656.0559,183.6311,3
312,232.8437,267.5392,0
312,407.5553,169.5712,1
312,563.8805,135.4963,2
312,746.1366,159.9382,3
313,312.7657,324.6914,0
313,487.4715,226.7315,1
313,621.0379,55.57844,2
313,744.1818,228.3051,3
314,337.9279,411.8106,0
314,536.0878,193.9779,1
314,629.1714,73.66405,2
314,752.137,326.5421,3
315,274.0263,352.4776,0
315,471.9078,122.5513,1
315,653.8713,118.1133,2
315,745.2358,401.9039,3
316,176.1862,343.7804,0
316,488.2457,32.79195,1
316,556.0317,109.4086,2
316,742.3377,330.5519,3
317,95.46725,400.6066,0
317,417.2234,32.90919,1
317,475.3088,166.2291,2
317,685.5107,249.8331,3
318,151.6747,424.0029,0
318,503.9195,54.5384,1
318,450.5689,262.1038,2
318,658.1891,327.1338,3
319,240.5559,380.3012,0
319,543.6124,52.97075,1
319,496.5869,274.1682,2
319,580.0817,362.8859,3
320,280.2084,290.393,0
320,509.7272,125.4884,1
320,535.4136,195.9839,2
320,555.5118,377.455,3
321,252.391,195.8435,0
321,488.1977,38.99499,1
321,567.4053,254.8728,2
321,584.4614,320.2956,3
322,170.0705,141.6485,0
322,570.5295,93.19592,1
322,483.9428,202.1468,2
322,537.9223,307.3658,3
323,72.06209,153.5576,0
323,668.5625,81.28789,1
323,501.961,181.5176,2
323,439.8893,303.6281,3
324,77.74746,210.6821,0
324,708.455,60.51586,1
324,568.8832,109.2091,2
324,448.6943,292.0247,3
325,85.6127,228.7463,0
325,755.3345,35.6768,1
325,558.6038,35.75915,2
325,547.6236,296.3291,3
326,47.67962,255.2074,0
326,680.1794,45.77349,1
326,480.875,85.74514,2
326,630.0317,295.2382,3
327,68.05997,158.9776,0
327,583.9503,25.3938,1
327,385.0664,64.7527,2
327,726.2584,315.6312,3
328,47.20574,72.47045,0
328,497.3862,71.80098,1
328,298.2987,109.9719,2
328,734.2643,330.5197,3
329,63.95506,81.5182,0
329,468.5232,163.4693,1
329,261.9578,201.4312,2
329,696.5518,419.5747,3
330,95.46608,175.1566,0
330,500.037,257.1068,1
330,293.4608,295.073,2
330,692.8719,407.8097,3
331,107.8697,246.7763,0
331,584.5823,308.0047,1
331,305.9487,376.5219,2
331,742.7747,333.9656,3
332,93.48649,262.1072,0
332,681.722,292.2832,1
332,288.0448,373.6364,2
332,727.0748,236.791,3
333,42.67241,207.4882,0
333,761.4777,336.584,1
333,212.5194,308.9964,2
333,654.7271,171.7369,3
334,106.267,218.0308,0
334,704.6245,349.2328,1
334,112.9102,309.2673,2
334,555.1179,171.9971,3
335,34.40471,282.0398,0
335,743.4515,412.9087,1
335,178.73,274.0018,2
335,480.2911,235.9555,3
336,127.7489,299.9998,0
336,711.6429,419.0188,1
336,272.0659,274.3749,2
336,458.1476,292.7697,3
337,175.419,287.3871,0
337,763.3008,371.3521,1
337,356.2455,222.5909,2
337,472.9816,212.0317,3
338,144.869,381.0676,0
338,764.0978,412.5817,1
338,399.3371,143.2055,2
338,503.5435,118.3552,3
339,207.5983,382.3193,0
339,750.7534,389.0236,1
339,321.9781,181.7346,2
339,479.4328,40.76678,3
340,254.8407,302.2843,0
340,777.0685,304.9104,1
340,278.4832,258.9758,2
340,567.5538,85.81763,3
341,350.4366,280.2818,0
341,754.1439,209.0303,1
341,255.9504,162.9507,2
341,663.4397,63.22753,3
342,410.1551,273.7041,0
342,675.2625,150.5423,1
342,191.8366,97.89862,2
342,745.3702,60.61835,3
343,508.8824,267.2998,0
343,576.5366,156.965,1
343,205.645,62.30398,2
343,738.2567,65.94475,3
344,496.4872,209.9707,0
344,495.0732,142.8187,1
344,274.5892,133.2785,2
344,758.6444,67.24059,3
345,473.0636,186.3766,0
345,555.8892,137.3982,1
345,372.6584,142.7586,2
345,747.6887,28.3356,3
346,554.3398,129.7576,0
346,632.8986,113.9761,1
346,389.1568,179.7816,2
346,672.6218,75.44144,3
347,579.454,34.02289,0
347,613.5831,158.4105,1
347,361.6448,273.2885,2
347,683.6548,146.4967,3
348,532.1005,35.11565,0
348,607.1808,72.26885,1
348,427.0668,265.0049,2
348,726.3752,235.4047,3
349,535.0341,120.4348,0
349,559.8317,26.88235,1
349,467.2511,174.486,2
349,766.4687,307.503,3
350,548.3511,192.8857,0
350,465.2424,54.63494,1
350,413.0441,158.7604,2
350,755.728,333.4905,3
351,468.8291,140.6823,0
351,461.557,57.35828,1
351,358.9901,240.5247,2
351,673.9775,279.4156,3
352,480.6252,238.2394,0
352,397.6496,45.40585,1
352,346.6938,271.8812,2
352,576.5132,290.7183,3
353,522.208,226.2772,0
353,316.8138,29.97269,1
353,274.3169,204.1541,2
353,573.4088,333.8719,3
354,526.8137,127.5314,0
354,310.2693,120.7903,1
354,179.6456,186.2155,2
354,604.8762,405.3937,3
355,466.1387,49.11601,0
355,370.9671,199.1881,1
355,240.3552,127.0776,2
355,585.0637,387.1703,3
356,484.4607,35.51253,0
356,392.1008,175.3339,1
356,260.6484,30.51427,2
356,488.5031,366.865,3
357,544.2839,100.3016,0
357,327.6484,222.7366,1
357,220.3703,46.84278,2
357,472.6371,382.0677,3
358,635.5685,135.941,0
358,292.0289,314.0299,1
358,308.1812,56.7885,2
358,556.3614,410.9786,3
359,676.8972,123.3788,0
359,324.1913,407.7082,1
359,390.6562,35.17504,2
359,580.2179,358.899,3
360,754.0146,171.0081,0
360,398.5738,417.2665,1
360,418.1899,46.0441,2
360,495.4807,308.3973,3
361,747.598,170.2588,0
361,452.7471,414.6743,1
361,511.3612,42.36987,2
361,398.4417,299.8624,3
362,685.4247,245.0095,0
362,460.1475,409.7692,1
362,586.1265,105.8382,2
362,383.7851,258.2695,3
363,686.535,341.6059,0
363,559.08,409.9357,1
363,666.174,112.2072,2
363,336.3956,318.6638,3
364,632.5297,286.7954,0
364,572.2263,408.8784,1
364,590.7471,175.9378,2
364,260.9414,382.361,3
365,535.3008,270.5778,0
365,474.9943,392.6794,1
365,600.274,88.52615,2
365,183.7927,413.5959,3
366,468.8011,319.7583,0
366,455.0765,390.7432,1
366,604.3411,64.31168,2
366,140.4392,355.9103,3
367,501.6301,234.4206,0
367,548.7605,422.6183,1
367,663.5782,94.98597,2
367,234.1271,387.8271,3
368,465.7202,142.9356,0
368,580.1848,374.2645,1
368,572.1019,130.9193,2
368,323.038,361.6241,3
369,468.992,153.8725,0
369,493.5078,327.1217,1
369,525.1647,217.773,2
369,409.0022,409.4663,3
370,371.8237,174.1643,0
370,545.6218,316.9322,1
370,479.5455,285.9414,2
370,506.1754,389.196,3
371,311.5101,253.0923,0
371,568.6765,255.5388,1
371,488.1528,248.584,2
371,566.5081,310.2818,3
372,316.442,351.1775,0
372,580.7727,293.5188,1
372,459.8764,252.3726,2
372,596.3607,364.2892,3
373,372.3569,400.9039,0
373,570.4556,303.6534,1
373,517.5333,319.2847,2
373,573.1779,398.9153,3
374,450.4147,405.6907,0
374,495.2687,284.7341,1
374,447.9953,295.106,2
374,489.6727,373.0242,3
375,427.356,393.047,0
375,549.4028,266.517,1
375,480.2711,216.4016,2
375,533.8907,305.1917,3
376,522.1245,420.8702,0
376,634.4288,262.942,1
376,507.7453,121.6206,2
376,515.9612,378.6716,3
377,587.5526,389.5566,0
377,724.7491,222.3916,1
377,470.962,33.23937,2
377,512.9514,230.3279,3
378,625.7012,298.9144,0
378,783.4261,155.0424,1
378,561.1432,76.70122,2
378,479.079,89.67187,3
379,632.1646,317.9248,0
379,720.3265,203.4743,1
379,655.7919,51.16366,2
379,490.8096,69.52513,3
380,575.6532,398.9178,0
380,720.276,176.365,1
380,740.3419,69.13811,2
380,572.3138,125.6853,3
381,556.9605,358.1827,0
381,743.0715,196.9422,1
381,773.8424,42.55057,2
381,670.3458,115.8429,3
382,486.3358,289.9623,0
382,741.1097,232.5901,1
382,696.8285,34.11322,2
382,713.428,164.9023,3
383,387.5706,283.4008,0
383,734.5834,331.3599,1
383,779.8224,36.96111,2
383,614.6631,158.308,3
384,308.2877,342.2313,0
384,761.1493,410.4593,1
384,729.8218,54.31213,2
384,535.362,217.1139,3
385,278.8434,423.8683,0
385,688.0456,378.5972,1
385,632.9489,32.12832,2
385,513.1004,313.9717,3
386,337.223,378.1447,0
386,650.2976,290.9553,1
386,545.9117,77.2737,2
386,558.1794,401.0437,3
387,404.1623,396.7682,0
387,560.356,262.1103,1
387,508.2993,168.4848,2
387,599.8403,339.8116,3
388,497.6719,366.8177,0
388,538.2963,311.1637,1
388,461.2529,235.6734,2
388,563.7155,274.3505,3
389,491.5462,405.2354,0
389,491.7967,343.0196,1
389,413.9656,296.6631,2
389,480.4071,222.4222,3
390,553.8593,398.8971,0
390,498.8117,376.3502,1
390,418.4016,288.366,2
390,432.74,159.0367,3
391,515.6772,371.792,0
391,450.0147,406.1315,1
391,364.6928,302.5591,2
391,489.1752,198.9388,3
392,527.9531,354.7015,0
392,358.1411,414.7425,1
392,354.0236,306.9165,2
392,524.178,213.9438,3
393,605.7766,292.8265,0
393,292.3639,341.8013,1
393,325.7214,267.5598,2
393,446.3326,275.7925,3
394,555.9764,259.3493,0
394,196.1277,322.8295,1
394,285.8405,245.3095,2
394,367.68,302.0864,3
395,469.8032,307.1285,0
395,110.3973,370.644,1
395,372.0003,197.5445,2
395,281.4939,349.8036,3
396,493.1614,242.8638,0
396,36.78598,406.032,1
396,401.8795,178.1456,2
396,224.8101,413.9697,3
397,460.6966,150.1779,0
397,96.1737,392.9716,1
397,380.1813,191.825,2
397,146.3769,377.6316,3
398,503.0533,69.95028,0
398,144.2197,361.1327,1
398,318.5279,162.2987,2
398,148.3064,305.1311,3
399,531.0577,61.2738,0
399,157.9189,409.2577,1
399,221.395,178.6706,2
399,194.5595,265.487,3
400,606.0597,124.8106,0
400,207.7903,344.0426,1
400,266.5971,115.3428,2
400,141.3785,338.9287,3
401,674.4472,134.0396,0
401,219.3049,285.383,1
401,275.8002,47.91142,2
401,155.5562,410.689,3
402,593.4749,169.3179,0
402,277.1697,330.9753,1
402,322.9907,90.62577,2
402,201.1137,352.5933,3
403,496.277,153.2148,0
403,293.2341,233.7718,1
403,325.8476,144.9684,2
403,151.5091,331.5127,3
404,411.291,174.4711,0
404,302.4073,198.0668,1
404,282.7329,94.83345,2
404,236.1281,280.939,3
405,402.5966,166.3722,0
405,330.3607,169.3292,1
405,190.5636,64.61713,2
405,268.1073,186.6905,3
406,494.0808,129.9121,0
406,366.8673,260.7926,1
406,226.846,66.67886,2
406,266.6375,143.6827,3
407,540.4628,42.53161,0
407,454.2722,307.1278,1
407,227.84,31.58761,2
407,354.009,190.0815,3
408,562.0508,92.30283,0
408,549.9786,286.2195,1
408,220.6963,73.23317,2
408,299.2295,214.0901,3
409,639.7321,152.242,0
409,632.6987,304.3363,1
409,298.3992,133.1444,2
409,239.2765,291.761,3
410,712.5291,156.8607,0
410,731.3203,299.8877,1
410,266.7172,150.4721,2
410,243.6551,390.3866,3
411,684.37,158.8073,0
411,744.2094,310.3255,1
411,247.0515,143.5186,2
411,304.8438,358.8026,3
412,691.1066,211.8656,0
412,732.3324,408.5511,1
412,258.8495,45.30568,2
412,316.6991,260.5969,3
413,745.1724,293.8845,0
413,745.3304,369.8322,1
413,219.5894,44.2872,2
413,262.6432,178.5718,3
414,771.9865,369.514,0
414,712.1595,344.4178,1
414,209.1977,68.05919,2
414,191.877,129.3383,3
415,738.6367,306.9688,0
415,703.1689,346.7686,1
415,230.7712,86.85498,2
415,130.9491,113.2622,3
416,649.4685,263.1629,0
416,771.1556,391.007,1
416,320.0614,130.5173,2
416,41.25344,69.81919,3
417,553.1308,288.1366,0
417,775.5899,416.154,1
417,351.9996,223.1167,2
417,110.7438,43.21562,3
418,496.7148,368.4274,0
418,717.4606,365.9948,1
418,271.9043,167.0535,2
418,83.91582,86.16214,3
419,449.2358,413.9877,0
419,698.1567,411.2082,1
419,173.0551,176.2289,2
419,93.00565,185.094,3
420,508.2026,343.9634,0
420,767.3865,339.6682,1
420,113.8353,115.3756,2
420,114.7278,208.3532,3
421,514.5149,245.8233,0
421,771.965,241.5259,1
421,119.3288,169.4709,2
421,86.66117,300.4435,3
422,455.9914,166.7276,0
422,713.3904,162.4686,1
422,97.43651,208.3959,2
422,38.1801,264.6626,3
423,359.2275,144.7878,0
423,616.6129,140.0109,1
423,27.22536,171.7984,2
423,47.30692,237.4115,3
424,271.1879,190.5101,0
424,528.6022,185.7872,1
424,61.74495,217.4123,2
424,121.9524,274.5475,3
425,332.3416,229.9729,0
425,491.5025,276.7788,1
425,152.731,254.5688,2
425,212.9204,311.7015,3
426,388.0603,295.8362,0
426,522.4061,371.0269,1
426,248.1893,245.7508,2
426,307.1845,280.8454,3
427,411.5333,298.6899,0
427,606.1666,415.9417,1
427,299.573,162.0069,2
427,358.6053,197.124,3
428,318.7019,319.114,0
428,550.2739,379.1159,1
428,284.5898,64.32191,2
428,374.9586,189.6184,3
429,254.278,392.9247,0
429,476.4251,314.7355,1
429,228.1838,86.34412,2
429,315.7424,262.5079,3
430,313.5223,416.4441,0
430,387.5353,293.5843,1
430,226.5701,185.0146,2
430,314.0835,361.1778,3
431,395.812,414.3374,0
431,324.1735,216.867,1
431,297.4605,122.9324,2
431,256.1652,303.1924,3
432,389.9279,418.6103,0
432,247.9909,178.0314,1
432,309.7029,31.62098,2
432,158.3008,286.1969,3
433,458.4902,408.7261,0
433,198.4228,115.9258,1
433,224.4829,82.28072,2
433,78.47872,268.8813,3
434,385.7393,392.408,0
434,193.8676,171.2345,1
434,229.8703,121.9097,2
434,39.42093,195.9309,3
435,295.2649,406.9747,0
435,106.517,176.8412,1
435,211.4826,36.96874,2
435,35.16318,172.725,3
436,207.8063,360.5193,0
436,88.25528,146.3257,1
436,299.3824,76.66743,2
436,40.75013,127.6807,3
437,111.3137,381.7785,0
437,109.3474,142.488,1
437,269.4547,97.45194,2
437,38.27776,69.23199,3
438,39.81113,397.0006,0
438,49.6351,221.1718,1
438,209.7331,176.1292,2
438,116.9331,128.9985,3
439,39.36829,382.1205,0
439,65.99968,294.0747,1
439,280.5464,138.7674,2
439,200.4877,111.2489,3
440,76.18269,387.0056,0
440,100.5491,235.6612,1
440,305.4882,99.34238,2
440,247.614,50.04556,3
441,72.80595,417.7856,0
441,43.15366,217.7851,1
441,327.6541,37.84441,2
441,197.6858,71.68978,3
442,149.996,362.0552,0
442,124.8161,162.6692,1
442,302.9534,104.7418,2
442,252.7389,153.3792,3
443,176.8123,267.3955,0
443,140.5056,171.2982,1
443,300.5822,60.30328,2
443,209.0293,156.9077,3
444,215.5052,338.5734,0
444,84.7934,228.2812,1
444,340.2625,66.94289,2
444,135.5702,183.452,3
445,304.7743,380.7895,0
445,67.79269,297.511,1
445,262.2171,35.8106,2
445,46.29378,141.2509,3
446,274.0652,405.421,0
446,163.8796,271.003,1
446,214.2208,41.26806,2
446,63.50613,227.179,3
447,192.2581,369.5845,0
447,246.6859,319.1428,1
447,274.2823,87.47566,2
447,144.8934,282.7336,3
448,93.96888,379.9033,0
448,344.9616,308.7414,1
448,275.5956,105.0627,2
448,243.1769,272.4019,3
449,31.94006,412.35,0
449,425.7039,288.4514,1
449,207.4902,176.2911,2
449,311.3036,201.1943,3
450,34.44839,412.1642,0
450,524.6683,294.1274,1
450,208.4705,86.73712,2
450,317.0533,102.2343,3
451,105.2653,401.0958,0
451,558.3159,288.8719,1
451,204.0791,74.46234,2
451,316.3153,72.50669,3
452,201.7982,422.2998,0
452,537.1924,385.4332,1
452,251.6096,88.29774,2
452,312.661,112.7601,3
453,288.7764,376.2646,0
453,598.9752,380.9868,1
453,230.3045,49.33265,2
453,237.4283,162.9337,3
454,325.4873,285.1926,0
454,540.2888,406.9981,1
454,321.3984,85.99022,2
454,203.0185,187.0272,3
455,294.381,191.2068,0
455,512.0594,393.6184,1
455,325.8734,55.19318,2
455,234.6986,184.8563,3
456,310.7581,124.0758,0
456,563.2711,309.1759,1
456,354.2558,61.64664,2
456,319.4047,235.589,3
457,213.3435,139.5593,0
457,518.2523,275.9445,1
457,334.3621,39.94913,2
457,372.1764,262.5376,3
458,134.3904,162.5589,0
458,509.7122,332.764,1
458,270.2336,114.3909,2
458,361.0542,275.0632,3
459,34.92521,161.9221,0
459,609.1782,333.3222,1
459,267.2493,212.3641,2
459,262.6225,272.296,3
460,92.03961,233.9531,0
460,543.3461,389.8826,1
460,336.4104,138.834,2
460,319.7138,339.0222,3
461,188.265,259.3293,0
461,594.8341,421.8916,1
461,427.4676,140.6819,2
461,335.0055,242.5148,3
462,243.0889,339.3439,0
462,606.2046,413.6558,1
462,512.6536,93.05812,2
462,285.1295,157.8657,3
463,335.5363,371.9105,0
463,614.7606,351.3257,1
463,512.6382,29.94572,2
463,191.9055,125.2956,3
464,373.5115,391.1389,0
464,592.1431,276.8306,1
464,431.4352,60.21539,2
464,270.9095,92.38723,3
465,457.9735,422.9037,0
465,678.3247,324.3507,1
465,358.2416,26.27945,2
465,296.4842,25.09687,3
466,554.8364,403.2163,0
466,771.4197,306.2571,1
466,291.9503,35.54564,2
466,230.1227,44.71721,3
467,616.0968,325.5102,0
467,710.2146,384.0121,1
467,343.7738,58.0944,2
467,248.1196,101.4527,3
468,654.3103,274.9155,0
468,705.025,368.5463,1
468,336.312,40.2822,2
468,334.4203,119.3475,3
469,633.5794,299.0107,0
469,699.8317,306.2113,1
469,263.8049,107.2035,2
469,393.4504,165.2036,3
470,630.7563,269.5091,0
470,712.9871,209.8837,1
470,243.4352,187.0246,2
470,475.901,143.5447,3
471,682.0615,283.709,0
471,659.2252,127.2197,1
471,326.1205,133.2973,2
471,558.6028,89.84121,3
472,710.3897,188.2108,0
472,614.6792,100.0231,1
472,304.1893,220.3258,2
472,557.7211,42.04581,3
473,741.4695,195.3706,0
473,704.6735,59.9879,1
473,340.317,306.2804,2
473,468.1678,79.30551,3
474,756.6981,275.6642,0
474,724.9766,75.89671,1
474,251.5625,263.4305,2
474,379.4897,36.42415,3
475,773.9155,368.7772,0
475,761.3051,47.594,1
475,156.235,288.0239,2
475,284.1566,60.99386,3
476,702.5527,322.4441,0
476,731.8276,37.65059,1
476,181.8229,341.3761,2
476,227.0791,141.8458,3
477,636.6367,276.4852,0
477,634.1778,46.26506,1
477,279.4775,332.8169,2
477,244.7673,170.6523,3
478,571.4946,334.4541,0
478,564.7253,116.0749,1
478,348.9699,263.0466,2
478,314.2723,100.8946,3
479,570.1693,419.1927,0
479,549.8566,180.9765,1
479,281.4482,240.9103,2
479,305.5807,29.02323,3
480,559.7233,358.3462,0
480,491.4265,100.6356,1
480,201.0713,299.2914,2
480,225.1989,87.39687,3
481,475.6621,344.9538,0
481,513.2412,42.8185,1
481,177.9968,395.5521,2
481,202.1192,183.6547,3
482,490.5713,394.6616,0
482,557.9506,130.8278,1
482,187.5352,385.3527,2
482,284.5585,139.3139,3
483,541.1351,400.011,0
483,648.9716,168.9935,1
483,225.7532,294.3536,2
483,322.7796,48.31612,3
484,575.5706,404.1995,0
484,736.7418,169.7806,1
484,248.2161,310.3621,2
484,352.0629,68.50495,3
485,603.1112,340.9141,0
485,759.1551,248.4921,1
485,324.1587,361.6895,2
485,299.1475,152.0018,3
486,610.0601,282.0767,0
486,772.6519,345.6104,1
486,227.0381,375.1507,2
486,312.5986,249.1236,3
487,597.5393,364.0387,0
487,720.0598,418.4181,1
487,145.6345,395.6401,2
487,340.5284,290.3014,3
488,580.801,389.1147,0
488,750.2442,405.948,1
488,47.37474,393.5891,2
488,242.2809,288.1592,3
489,518.9529,312.527,0
489,722.8528,343.1151,1
489,87.93641,390.0056,2
489,165.6927,350.0059,3
490,422.494,293.9414,0
490,679.4785,289.5565,1
490,47.70649,416.1997,2
490,154.9004,338.764,3
491,413.6288,278.5286,0
491,710.4717,312.9077,1
491,56.8989,415.5788,2
491,106.7236,252.5233,3
492,506.5369,312.7509,0
492,750.4976,342.5396,1
492,104.5303,420.3128,2
492,45.19499,219.7723,3
493,599.7397,278.2419,0
493,724.7227,334.7926,1
493,197.7078,385.7805,2
493,138.3991,185.2656,3
494,686.4379,306.4895,0
494,772.9269,248.7007,1
494,245.9232,299.6937,2
494,210.5314,143.4413,3
495,777.4191,287.0777,0
495,756.9599,157.9792,1
495,303.3081,239.8578,2
495,308.0847,124.035,3
496,720.6492,355.6845,0
496,735.9718,240.6537,1
496,344.7014,189.3237,2
496,357.2774,147.1537,3
497,709.0703,397.4093,0
497,739.2877,339.3893,1
497,323.5396,227.8265,2
497,334.7476,147.3299,3
498,773.4114,349.5605,0
498,682.1815,271.5934,1
498,388.3581,301.9635,2
498,261.2814,214.4207,3
499,715.4917,330.2141,0
499,727.9974,252.8423,1
499,376.1677,304.4041,2
499,250.6884,313.1441,3
500,754.9346,282.1436,0
500,673.181,170.0673,1
500,324.3116,225.468,2
500,305.4647,395.945,3
